{"cameraMode":{"drawMode":0,"name":"Shaded","section":"Shading Mode"},"sceneLighting":true,"audioPlay":false,"sceneViewState":{"showFog":true,"showMaterialUpdate":false,"showSkybox":true,"showFlares":true,"showImageEffects":true,"showParticleSystems":true},"in2DMode":false,"pivot":{"x":-4.3450703620910648,"y":7.140020847320557,"z":2.435283899307251},"rotation":{"x":-0.03637642040848732,"y":0.8066595792770386,"z":-0.04992298036813736,"w":-0.5877755284309387},"size":12.709651947021485,"orthographic":false}